,business_id,business_name,product_name,product_type,category_name,product_variation,variation_name,sub_sku,customer,contact_id,transaction_id,invoice_no,transaction_date,sell_qty,unit,cost_price,selling_price
0,233,Bunny store,Combo test,combo,,DUMMY,DUMMY,73059, Walking Customer ,CO0001,49571,0097,2022-01-06 09:36:36,1.0,bndle,300.0,300.0
1,233,Bunny store,Sub product 1- combo bug,single,,DUMMY,DUMMY,73057, Walking Customer ,CO0001,49571,0097,2022-01-06 09:36:36,0.0,Pc(s),131.5789,131.5789
2,233,Bunny store,sub 2,single,,DUMMY,DUMMY,73058, Walking Customer ,CO0001,49571,0097,2022-01-06 09:36:36,0.0,Pc(s),168.4211,168.4211
3,233,Bunny store,Combo test,combo,,DUMMY,DUMMY,73059, Walking Customer ,CO0001,49573,0098,2022-01-06 09:45:17,1.0,bndle,300.0,300.0
4,233,Bunny store,Sub product 1- combo bug,single,,DUMMY,DUMMY,73057, Walking Customer ,CO0001,49573,0098,2022-01-06 09:45:17,0.0,Pc(s),131.5789,131.5789
5,233,Bunny store,sub 2,single,,DUMMY,DUMMY,73058, Walking Customer ,CO0001,49573,0098,2022-01-06 09:45:17,0.0,Pc(s),168.4211,168.4211
6,233,Bunny store,sub 2,single,,DUMMY,DUMMY,73058, Walking Customer ,CO0001,49575,0099,2022-01-06 09:47:08,0.0,Pc(s),160.0,160.0
7,233,Bunny store,Combo test,combo,,DUMMY,DUMMY,73059, Walking Customer ,CO0001,49577,0100,2022-01-06 09:54:12,1.0,bndle,300.0,300.0
8,233,Bunny store,Sub product 1- combo bug,single,,DUMMY,DUMMY,73057, Walking Customer ,CO0001,49577,0100,2022-01-06 09:54:12,0.0,Pc(s),131.5789,131.5789
9,233,Bunny store,sub 2,single,,DUMMY,DUMMY,73058, Walking Customer ,CO0001,49577,0100,2022-01-06 09:54:12,0.0,Pc(s),168.4211,168.4211
10,233,Bunny store,sub 2,single,,DUMMY,DUMMY,73058, Walking Customer ,CO0001,49579,0101,2022-01-06 10:15:06,0.0,Pc(s),160.0,160.0
11,233,Bunny store,Combo test,combo,,DUMMY,DUMMY,73059, Walking Customer ,CO0001,49581,0102,2022-01-06 10:20:18,1.0,bndle,300.0,300.0
12,233,Bunny store,Sub product 1- combo bug,single,,DUMMY,DUMMY,73057, Walking Customer ,CO0001,49581,0102,2022-01-06 10:20:18,0.0,Pc(s),131.5789,131.5789
13,233,Bunny store,sub 2,single,,DUMMY,DUMMY,73058, Walking Customer ,CO0001,49581,0102,2022-01-06 10:20:18,1.0,Pc(s),168.4211,168.4211
14,233,Bunny store,sub 2,single,,DUMMY,DUMMY,73058, Walking Customer ,CO0001,49824,0144,2022-01-18 10:24:23,1.0,Pc(s),160.0,160.0
15,233,Bunny store,Sub product 1- combo bug,single,,DUMMY,DUMMY,73057,miss Sathsarani  ,cus01,49825,0145,2022-01-18 10:24:46,2.0,Pc(s),125.0,125.0
16,233,Bunny store,sub 2,single,,DUMMY,DUMMY,73058, Nimasha  ,CO0007,49826,0146,2022-01-18 10:24:57,2.0,Pc(s),160.0,160.0
17,233,Bunny store,sub 2,single,,DUMMY,DUMMY,73058,Mr Dhanika piumath Vithana,CO0006,49828,0147,2022-01-18 10:36:00,3.0,Pc(s),160.0,160.0
18,233,Bunny store,Sub product 1- combo bug,single,,DUMMY,DUMMY,73057, Walking Customer ,CO0001,49829,0148,2022-01-18 10:36:09,1.0,Pc(s),125.0,125.0
19,233,Bunny store,sub 2,single,,DUMMY,DUMMY,73058,miss Sathsarani  ,cus01,49830,0149,2022-01-18 10:37:34,1.0,Pc(s),160.0,160.0
20,233,Bunny store,sub 2,single,,DUMMY,DUMMY,73058, Walking Customer ,CO0001,49831,0150,2022-01-18 12:15:24,1.0,Pc(s),160.0,160.0
21,233,Bunny store,Bluetooth headset,single,,DUMMY,DUMMY,76981,Mr Kris  ,1996,50059,0248,2022-02-01 14:18:57,2.0,Pc(s),1750.0,1750.0
22,233,Bunny store,Edu Pack,combo,,DUMMY,DUMMY,76988,miss Sathsarani  ,cus01,50060,0249,2022-02-01 14:19:11,1.0,Pc(s),470.0,470.0
23,233,Bunny store,CR Single Ruled book,single,,DUMMY,DUMMY,76984,miss Sathsarani  ,cus01,50060,0249,2022-02-01 14:19:11,3.0,Pc(s),123.4522,123.4522
24,233,Bunny store,Pencil,single,,DUMMY,DUMMY,76985,miss Sathsarani  ,cus01,50060,0249,2022-02-01 14:19:11,1.0,Pc(s),24.6904,24.6904
25,233,Bunny store,Pen (Blue),single,,DUMMY,DUMMY,76986,miss Sathsarani  ,cus01,50060,0249,2022-02-01 14:19:11,2.0,Pc(s),26.454,26.454
26,233,Bunny store,Eraser,single,,DUMMY,DUMMY,76987,miss Sathsarani  ,cus01,50060,0249,2022-02-01 14:19:11,1.0,Pc(s),22.045,22.045
27,233,Bunny store,Pencil,single,,DUMMY,DUMMY,76985,Mr Dhanika piumath Vithana,CO0006,50061,0250,2022-02-01 14:19:37,4.0,Pc(s),28.0,28.0
28,233,Bunny store,Pen (Blue),single,,DUMMY,DUMMY,76986,Mr Dhanika piumath Vithana,CO0006,50061,0250,2022-02-01 14:19:37,4.0,Pc(s),30.0,30.0
29,233,Bunny store,Sub product 1- combo bug,single,,DUMMY,DUMMY,73057,miss Sathsarani  ,cus01,50062,0251,2022-02-01 14:20:13,0.0,Pc(s),125.0,125.0
30,233,Bunny store,Suger Brown,single,,DUMMY,DUMMY,76993,miss Sathsarani  ,cus01,50062,0251,2022-02-01 14:20:13,0.0,KG(s),280.0,280.0
31,233,Bunny store,CR Single Ruled book,single,,DUMMY,DUMMY,76984,miss Sathsarani  ,cus01,50103,0281,2022-02-06 23:41:53,4.0,Pc(s),140.0,140.0
32,233,Bunny store,Eraser,single,,DUMMY,DUMMY,76987,miss Sathsarani  ,cus01,50103,0281,2022-02-06 23:41:53,4.0,Pc(s),25.0,25.0
33,233,Bunny store,Suger Brown,single,,DUMMY,DUMMY,76993,mr gimpawan  ,cus02,50104,0282,2022-02-06 23:42:41,5.0,KG(s),280.0,280.0
34,233,Bunny store,Edu Pack,combo,,DUMMY,DUMMY,76988,mr gimpawan  ,cus02,50104,0282,2022-02-06 23:42:41,2.0,Pc(s),470.0,470.0
35,233,Bunny store,CR Single Ruled book,single,,DUMMY,DUMMY,76984,mr gimpawan  ,cus02,50104,0282,2022-02-06 23:42:41,6.0,Pc(s),123.4522,123.4522
36,233,Bunny store,Pencil,single,,DUMMY,DUMMY,76985,mr gimpawan  ,cus02,50104,0282,2022-02-06 23:42:41,2.0,Pc(s),24.6904,24.6904
37,233,Bunny store,Pen (Blue),single,,DUMMY,DUMMY,76986,mr gimpawan  ,cus02,50104,0282,2022-02-06 23:42:41,4.0,Pc(s),26.454,26.454
38,233,Bunny store,Eraser,single,,DUMMY,DUMMY,76987,mr gimpawan  ,cus02,50104,0282,2022-02-06 23:42:41,2.0,Pc(s),22.045,22.045
39,233,Bunny store,Bluetooth headset,single,,DUMMY,DUMMY,76981,Mr Sahan Nuwan ,1112,50105,0283,2022-02-06 23:42:58,2.0,Pc(s),1750.0,1750.0
40,233,Bunny store,Suger Brown,single,,DUMMY,DUMMY,76993,Mr Sahan Nuwan ,1112,50106,0284,2022-02-06 23:43:22,3.0,KG(s),280.0,280.0
41,233,Bunny store,Sub product 1- combo bug,single,,DUMMY,DUMMY,73057,Mr Sahan Nuwan ,1112,50106,0284,2022-02-06 23:43:22,3.0,Pc(s),125.0,125.0
42,233,Bunny store,sub 2,single,,DUMMY,DUMMY,73058,Mr Sahan Nuwan ,1112,50106,0284,2022-02-06 23:43:22,4.0,Pc(s),160.0,160.0
43,233,Bunny store,CR Single Ruled book,single,,DUMMY,DUMMY,76984, Dam  ,6543,50107,0285,2022-02-06 23:44:13,2.0,Pc(s),140.0,140.0
44,233,Bunny store,Pencil,single,,DUMMY,DUMMY,76985, Dam  ,6543,50107,0285,2022-02-06 23:44:13,3.0,Pc(s),28.0,28.0
45,233,Bunny store,Pen (Blue),single,,DUMMY,DUMMY,76986, Dam  ,6543,50107,0285,2022-02-06 23:44:13,3.0,Pc(s),30.0,30.0
46,233,Bunny store,Bluetooth headset,single,,DUMMY,DUMMY,76981, Dam  ,6543,50107,0285,2022-02-06 23:44:13,1.0,Pc(s),1750.0,1750.0
47,233,Bunny store,Pen (Blue),single,,DUMMY,DUMMY,76986,Mr Kris  ,1996,50108,0286,2022-02-06 23:44:42,2.0,Pc(s),30.0,30.0
48,233,Bunny store,Pencil,single,,DUMMY,DUMMY,76985,Mr Kris  ,1996,50108,0286,2022-02-06 23:44:42,2.0,Pc(s),28.0,28.0
49,233,Bunny store,Eraser,single,,DUMMY,DUMMY,76987,Mr Kris  ,1996,50108,0286,2022-02-06 23:44:42,2.0,Pc(s),25.0,25.0
50,233,Bunny store,sub 2,single,,DUMMY,DUMMY,73058,Mr Kris  ,1996,50108,0286,2022-02-06 23:44:42,3.0,Pc(s),160.0,160.0
51,233,Bunny store,Bluetooth headset,single,,DUMMY,DUMMY,76981, Fathima  ,CO0008,50109,0287,2022-02-06 23:45:39,1.0,Pc(s),1750.0,1750.0
52,233,Bunny store,Pen (Blue),single,,DUMMY,DUMMY,76986, Fathima  ,CO0008,50109,0287,2022-02-06 23:45:39,2.0,Pc(s),30.0,30.0
53,233,Bunny store,sub 2,single,,DUMMY,DUMMY,73058,Mr Sahan Nuwan ,1112,50110,0288,2022-02-06 23:45:55,3.0,Pc(s),160.0,160.0
54,233,Bunny store,Sub product 1- combo bug,single,,DUMMY,DUMMY,73057,Mr Sahan Nuwan ,1112,50110,0288,2022-02-06 23:45:55,4.0,Pc(s),125.0,125.0
55,233,Bunny store,Bluetooth headset,single,,DUMMY,DUMMY,76981, Walking Customer ,CO0001,50159,0308,2022-02-07 18:29:20,6.0,Pc(s),1750.0,1750.0
56,233,Bunny store,Pencil,single,,DUMMY,DUMMY,76985, Walking Customer ,CO0001,50161,0309,2022-02-07 18:30:41,2.0,Pc(s),28.0,28.0
57,233,Bunny store,Pen (Blue),single,,DUMMY,DUMMY,76986, Walking Customer ,CO0001,50161,0309,2022-02-07 18:30:41,2.0,Pc(s),30.0,30.0
58,233,Bunny store,Suger Brown,single,,DUMMY,DUMMY,76993,mr gimpawan  ,cus02,50162,0310,2022-02-07 18:38:43,0.0,KG(s),280.0,280.0
59,233,Bunny store,Sub product 1- combo bug,single,,DUMMY,DUMMY,73057, Dam  ,6543,50163,0311,2022-02-07 18:39:23,6.0,Pc(s),125.0,125.0
60,233,Bunny store,Pen (Blue),single,,DUMMY,DUMMY,76986, Dam  ,6543,50163,0311,2022-02-07 18:39:23,2.0,Pc(s),30.0,30.0
61,233,Bunny store,Bluetooth headset,single,,DUMMY,DUMMY,76981, Walking Customer ,CO0001,50165,0312,2022-02-07 19:09:18,0.0,Pc(s),1750.0,1750.0
62,233,Bunny store,Bluetooth headset,single,,DUMMY,DUMMY,76981, Walking Customer ,CO0001,50167,0313,2022-02-08 09:24:50,1.0,Pc(s),1750.0,1750.0
63,233,Bunny store,Bluetooth headset,single,,DUMMY,DUMMY,76981, Walking Customer ,CO0001,50168,0314,2022-02-08 09:28:54,1.0,Pc(s),1750.0,1750.0
64,233,Bunny store,Bluetooth headset,single,,DUMMY,DUMMY,76981, Walking Customer ,CO0001,50174,0318,2022-02-08 15:00:46,2.0,Pc(s),1750.0,1750.0
65,233,Bunny store,Suger Brown,single,,DUMMY,DUMMY,76993, Walking Customer ,CO0001,50176,0319,2022-02-08 15:02:21,2.0,KG(s),280.0,280.0
66,233,Bunny store,CR Single Ruled book,single,,DUMMY,DUMMY,76984, Walking Customer ,CO0001,50177,0320,2022-02-08 15:04:21,2.0,Pc(s),140.0,140.0
67,233,Bunny store,Bluetooth headset,single,,DUMMY,DUMMY,76981, Walking Customer ,CO0001,50296,0357,2022-02-09 18:03:21,0.0,Pc(s),1750.0,1750.0
68,233,Bunny store,Bluetooth headset,single,,DUMMY,DUMMY,76981, Walking Customer ,CO0001,50310,0361,2022-02-09 18:28:30,2.0,Pc(s),1750.0,1750.0
69,233,Bunny store,Ball (Tenis),single,,DUMMY,DUMMY,77005,miss Sathsarani  ,cus01,50315,0362,2022-02-10 10:49:38,1.0,Pc(s),120.0,120.0
70,233,Bunny store,Bluetooth headset,single,,DUMMY,DUMMY,76981,miss Sathsarani  ,cus01,50316,0363,2022-02-10 10:49:53,2.0,Pc(s),1750.0,1750.0
71,233,Bunny store,Bluetooth headset,single,,DUMMY,DUMMY,76981,miss Sathsarani  ,cus01,50335,0373,2022-02-10 13:25:06,1.0,Pc(s),1750.0,1750.0
72,233,Bunny store,bun nn,single,,DUMMY,DUMMY,77010, Walking Customer ,CO0001,50339,0377,2022-02-10 13:30:53,2.0,Pc(s),75.0,75.0
73,233,Bunny store,Ball (Tenis),single,,DUMMY,DUMMY,77005,miss Sathsarani  ,cus01,50342,0380,2022-02-10 14:09:20,1.0,Pc(s),1000.0,1000.0
74,233,Bunny store,Bluetooth headset,single,,DUMMY,DUMMY,76981,miss Sathsarani  ,cus01,50343,0381,2022-02-10 14:10:16,1.0,Pc(s),2000.0,2000.0
75,233,Bunny store,Bluetooth headset,single,,DUMMY,DUMMY,76981,Mr Dhanika piumath Vithana,CO0006,50344,0382,2022-02-10 14:11:12,1.0,Pc(s),5000.0,5000.0
76,233,Bunny store,Combo test,combo,,DUMMY,DUMMY,73059, Walking Customer ,CO0001,50365,0390,2022-02-14 13:42:50,1.0,bndle,300.0,300.0
77,233,Bunny store,Sub product 1- combo bug,single,,DUMMY,DUMMY,73057, Walking Customer ,CO0001,50365,0390,2022-02-14 13:42:50,1.0,Pc(s),131.5789,131.5789
78,233,Bunny store,sub 2,single,,DUMMY,DUMMY,73058, Walking Customer ,CO0001,50365,0390,2022-02-14 13:42:50,1.0,Pc(s),168.4211,168.4211
79,233,Bunny store,Combo test,combo,,DUMMY,DUMMY,73059,mr gimpawan  ,cus02,50367,0392,2022-02-14 13:43:13,1.0,bndle,300.0,300.0
80,233,Bunny store,Sub product 1- combo bug,single,,DUMMY,DUMMY,73057,mr gimpawan  ,cus02,50367,0392,2022-02-14 13:43:13,1.0,Pc(s),131.5789,131.5789
81,233,Bunny store,sub 2,single,,DUMMY,DUMMY,73058,mr gimpawan  ,cus02,50367,0392,2022-02-14 13:43:13,1.0,Pc(s),168.4211,168.4211
82,233,Bunny store,Combo test,combo,,DUMMY,DUMMY,73059, Walking Customer ,CO0001,50374,0393,2022-02-14 14:17:03,1.0,bndle,300.0,300.0
83,233,Bunny store,Sub product 1- combo bug,single,,DUMMY,DUMMY,73057, Walking Customer ,CO0001,50374,0393,2022-02-14 14:17:03,1.0,Pc(s),131.5789,131.5789
84,233,Bunny store,sub 2,single,,DUMMY,DUMMY,73058, Walking Customer ,CO0001,50374,0393,2022-02-14 14:17:03,1.0,Pc(s),168.4211,168.4211
85,233,Bunny store,Combo test,combo,,DUMMY,DUMMY,73059, Walking Customer ,CO0001,50380,0395,2022-02-14 15:18:51,1.0,bndle,300.0,300.0
86,233,Bunny store,Sub product 1- combo bug,single,,DUMMY,DUMMY,73057, Walking Customer ,CO0001,50380,0395,2022-02-14 15:18:51,0.0,Pc(s),131.5789,131.5789
87,233,Bunny store,sub 2,single,,DUMMY,DUMMY,73058, Walking Customer ,CO0001,50380,0395,2022-02-14 15:18:51,0.0,Pc(s),168.4211,168.4211
88,233,Bunny store,Combo test,combo,,DUMMY,DUMMY,73059,miss Sathsarani  ,cus01,50382,0396,2022-02-14 15:20:32,1.0,bndle,300.0,300.0
89,233,Bunny store,Sub product 1- combo bug,single,,DUMMY,DUMMY,73057,miss Sathsarani  ,cus01,50382,0396,2022-02-14 15:20:32,1.0,Pc(s),131.5789,131.5789
90,233,Bunny store,sub 2,single,,DUMMY,DUMMY,73058,miss Sathsarani  ,cus01,50382,0396,2022-02-14 15:20:32,1.0,Pc(s),168.4211,168.4211
91,233,Bunny store,Sub product 1- combo bug,single,,DUMMY,DUMMY,73057,miss Sathsarani  ,cus01,50383,0397,2022-02-14 15:20:46,1.0,Pc(s),125.0,125.0
92,233,Bunny store,Combo test,combo,,DUMMY,DUMMY,73059,mr gimpawan  ,cus02,50384,0398,2022-02-14 15:23:15,1.0,bndle,300.0,300.0
93,233,Bunny store,Sub product 1- combo bug,single,,DUMMY,DUMMY,73057,mr gimpawan  ,cus02,50384,0398,2022-02-14 15:23:15,1.0,Pc(s),131.5789,131.5789
94,233,Bunny store,sub 2,single,,DUMMY,DUMMY,73058,mr gimpawan  ,cus02,50384,0398,2022-02-14 15:23:15,1.0,Pc(s),168.4211,168.4211
95,233,Bunny store,Combo test,combo,,DUMMY,DUMMY,73059,mr gimpawan  ,cus02,50386,0399,2022-02-14 15:26:11,1.0,bndle,300.0,300.0
96,233,Bunny store,Sub product 1- combo bug,single,,DUMMY,DUMMY,73057,mr gimpawan  ,cus02,50386,0399,2022-02-14 15:26:11,1.0,Pc(s),131.5789,131.5789
97,233,Bunny store,sub 2,single,,DUMMY,DUMMY,73058,mr gimpawan  ,cus02,50386,0399,2022-02-14 15:26:11,1.0,Pc(s),168.4211,168.4211
98,233,Bunny store,Ball (Tenis),single,,DUMMY,DUMMY,77005,Mr Dhanika piumath Vithana,CO0006,50388,0400,2022-02-14 15:27:03,1.0,Pc(s),120.0,120.0
99,233,Bunny store,Ball (Tenis),single,,DUMMY,DUMMY,77005,Mr Dhanika piumath Vithana,CO0006,50389,0401,2022-02-14 15:28:03,1.0,Pc(s),120.0,120.0
100,233,Bunny store,Ball (Tenis),single,,DUMMY,DUMMY,77005,Mr Dhanika piumath Vithana,CO0006,50390,0402,2022-02-14 15:29:55,1.0,Pc(s),120.0,120.0
101,233,Bunny store,Ball (Tenis),single,,DUMMY,DUMMY,77005,miss Sathsarani  ,cus01,50391,0403,2022-02-14 15:31:30,1.0,Pc(s),120.0,120.0
102,233,Bunny store,Ball (Tenis),single,,DUMMY,DUMMY,77005, Fathima  ,CO0008,50392,0404,2022-02-14 15:33:02,1.0,Pc(s),120.0,120.0
103,233,Bunny store,Bluetooth headset,single,,DUMMY,DUMMY,76981,miss Sathsarani  ,cus01,50393,0405,2022-02-14 15:33:51,1.0,Pc(s),1750.0,1750.0
104,233,Bunny store,Bluetooth headset,single,,DUMMY,DUMMY,76981,miss Sathsarani  ,cus01,50394,0406,2022-02-14 15:35:16,1.0,Pc(s),1750.0,1750.0
105,233,Bunny store,Bluetooth headset,single,,DUMMY,DUMMY,76981,miss Sathsarani  ,cus01,50395,0407,2022-02-14 15:36:06,1.0,Pc(s),1750.0,1750.0
106,233,Bunny store,Bluetooth headset,single,,DUMMY,DUMMY,76981,miss Sathsarani  ,cus01,50396,0408,2022-02-14 15:37:48,1.0,Pc(s),1750.0,1750.0
107,233,Bunny store,Bluetooth headset,single,,DUMMY,DUMMY,76981,miss Sathsarani  ,cus01,50397,0409,2022-02-14 15:38:31,1.0,Pc(s),1750.0,1750.0
108,233,Bunny store,Bluetooth headset,single,,DUMMY,DUMMY,76981,miss Sathsarani  ,cus01,50398,0410,2022-02-14 15:39:10,1.0,Pc(s),1750.0,1750.0
109,233,Bunny store,Bluetooth headset,single,,DUMMY,DUMMY,76981,miss Sathsarani  ,cus01,50399,0411,2022-02-14 15:39:59,1.0,Pc(s),1750.0,1750.0
110,233,Bunny store,Bluetooth headset,single,,DUMMY,DUMMY,76981,miss Sathsarani  ,cus01,50400,0412,2022-02-14 15:41:15,1.0,Pc(s),1750.0,1750.0
111,233,Bunny store,Bluetooth headset,single,,DUMMY,DUMMY,76981,miss Sathsarani  ,cus01,50401,0413,2022-02-14 15:41:59,1.0,Pc(s),1750.0,1750.0
112,233,Bunny store,LED Bulb 60W,single,,DUMMY,DUMMY,77014, Walking Customer ,CO0001,50454,0430,2022-02-28 10:50:40,2.0,Pc(s),250.0,250.0
113,233,Bunny store,LED Bulb 60W,single,,DUMMY,DUMMY,77014,miss Sathsarani  ,cus01,50455,0431,2022-02-28 10:51:07,0.0,Pc(s),250.0,250.0
114,233,Bunny store,LED Bulb 60W,single,,DUMMY,DUMMY,77014,mr gimpawan  ,cus02,50456,0432,2022-02-28 10:51:25,3.0,Pc(s),250.0,250.0
115,233,Bunny store,LED Bulb 60W,single,,DUMMY,DUMMY,77014, Walking Customer ,CO0001,50460,0433,2022-02-28 11:15:52,0.0,Pc(s),250.0,250.0
116,233,Bunny store,LED Bulb 60W,single,,DUMMY,DUMMY,77014, Walking Customer ,CO0001,50461,0434,2022-02-28 11:16:11,1.0,Pc(s),250.0,250.0
117,233,Bunny store,LED Bulb 60W,single,,DUMMY,DUMMY,77014, Walking Customer ,CO0001,50464,0435,2022-02-28 11:32:04,0.0,Pc(s),250.0,250.0
118,233,Bunny store,LED Bulb 60W,single,,DUMMY,DUMMY,77014, Walking Customer ,CO0001,50466,0436,2022-02-28 11:40:44,2.0,Pc(s),250.0,250.0
119,233,Bunny store,LED Bulb 60W,single,,DUMMY,DUMMY,77014, Walking Customer ,CO0001,50468,2022-0000,2022-02-28 14:04:00,2.0,Pc(s),250.0,250.0
120,233,Bunny store,LED Bulb 60W,single,,DUMMY,DUMMY,77014, Walking Customer ,CO0001,50470,2022-0001,2022-02-28 14:06:00,0.0,Pc(s),250.0,250.0
121,233,Bunny store,Bluetooth headset,single,,DUMMY,DUMMY,76981,miss Sathsarani  ,cus01,50481,0446,2022-03-01 09:53:03,4.0,Pc(s),1750.0,1750.0
122,233,Bunny store,bun nn,single,,DUMMY,DUMMY,77010,mr gimpawan  ,cus02,50482,0447,2022-03-01 09:53:19,10.0,Pc(s),75.0,75.0
123,233,Bunny store,LED Bulb 60W,single,,DUMMY,DUMMY,77014, Nimasha  ,CO0007,50483,0448,2022-03-01 09:53:33,6.0,Pc(s),250.0,250.0
124,233,Bunny store,Router 101,single,,DUMMY,DUMMY,77004,Mr Rox  ,3434,50484,0449,2022-03-01 09:53:59,3.0,Pc(s),1300.0,1300.0
125,233,Bunny store,Sub product 1- combo bug,single,,DUMMY,DUMMY,73057,Mr Gota  ,283545,50485,0450,2022-03-01 09:54:23,1.0,Pc(s),125.0,125.0
126,233,Bunny store,Router 101,single,,DUMMY,DUMMY,77004,Mr Gota  ,283545,50485,0450,2022-03-01 09:54:23,1.0,Pc(s),1300.0,1300.0
127,233,Bunny store,LED Bulb 60W,single,,DUMMY,DUMMY,77014,Mr Gota  ,283545,50485,0450,2022-03-01 09:54:23,1.0,Pc(s),250.0,250.0
128,233,Bunny store,Eraser,single,,DUMMY,DUMMY,76987,Mr Gota  ,283545,50485,0450,2022-03-01 09:54:23,1.0,Pc(s),25.0,25.0
129,233,Bunny store,Sub product 1- combo bug,single,,DUMMY,DUMMY,73057,Mr Gota  ,283545,50486,0451,2022-03-01 09:55:20,1.0,Pc(s),125.0,125.0
130,233,Bunny store,Pencil,single,,DUMMY,DUMMY,76985,Mr Gota  ,283545,50486,0451,2022-03-01 09:55:20,1.0,Pc(s),28.0,28.0
131,233,Bunny store,LED Bulb 60W,single,,DUMMY,DUMMY,77014,Mr Gota  ,283545,50486,0451,2022-03-01 09:55:20,1.0,Pc(s),250.0,250.0
132,233,Bunny store,Eraser,single,,DUMMY,DUMMY,76987,Mr Gota  ,283545,50486,0451,2022-03-01 09:55:20,1.0,Pc(s),25.0,25.0
133,233,Bunny store,Pen (Blue),single,,DUMMY,DUMMY,76986,Mr Gota  ,283545,50486,0451,2022-03-01 09:55:20,1.0,Pc(s),30.0,30.0
134,233,Bunny store,Bluetooth headset,single,,DUMMY,DUMMY,76981,Mr Gota  ,283545,50486,0451,2022-03-01 09:55:20,2.0,Pc(s),1750.0,1750.0
135,233,Bunny store,CR Single Ruled book,single,,DUMMY,DUMMY,76984, pra mo ga,CO0009,50487,0452,2022-03-01 09:55:48,2.0,Pc(s),140.0,140.0
136,233,Bunny store,Bluetooth headset,single,,DUMMY,DUMMY,76981, pra mo ga,CO0009,50487,0452,2022-03-01 09:55:48,1.0,Pc(s),1750.0,1750.0
137,233,Bunny store,Bluetooth headset,single,,DUMMY,DUMMY,76981, Walking Customer ,CO0001,50492,0457,2022-03-01 10:46:14,1.0,Pc(s),1750.0,1750.0
138,233,Bunny store,CR Single Ruled book,single,,DUMMY,DUMMY,76984,mr gimpawan  ,cus02,50493,0458,2022-03-01 10:48:49,4.0,Pc(s),140.0,140.0
139,233,Bunny store,Colombo Fresh Stuffed Chilli (Fish) 454G,single,,DUMMY,DUMMY,60803,mr gimpawan  ,cus02,50493,0458,2022-03-01 10:48:49,4.0,Pc(s),9.5,9.5
140,233,Bunny store,Eraser,single,,DUMMY,DUMMY,76987,mr gimpawan  ,cus02,50493,0458,2022-03-01 10:48:49,1.0,Pc(s),25.0,25.0
141,233,Bunny store,Bluetooth headset,single,,DUMMY,DUMMY,76981, Walking Customer ,CO0001,50504,2022-0005,2022-03-01 14:54:27,0.0,Pc(s),1750.0,1750.0
142,233,Bunny store,Bluetooth headset,single,,DUMMY,DUMMY,76981,miss Sathsarani  ,cus01,50505,2022-0006,2022-03-01 15:00:13,1.0,Pc(s),1750.0,1750.0
143,233,Bunny store,CR Single Ruled book,single,,DUMMY,DUMMY,76984,mr gimpawan  ,cus02,50506,2022-0007,2022-03-01 15:52:40,5.0,Pc(s),140.0,140.0
144,233,Bunny store,Bluetooth headset,single,,DUMMY,DUMMY,76981, Walking Customer ,CO0001,50507,2022-0008,2022-03-02 09:06:00,0.0,Pc(s),1750.0,1750.0
145,233,Bunny store,Bluetooth headset,single,,DUMMY,DUMMY,76981,miss Sathsarani  ,cus01,50508,2022-0009,2022-03-02 09:07:00,1.0,Pc(s),1750.0,1750.0
146,233,Bunny store,CR Single Ruled book,single,,DUMMY,DUMMY,76984, Walking Customer ,CO0001,50514,2022-0010,2022-03-02 11:56:46,1.0,Pc(s),140.0,140.0
147,233,Bunny store,Bluetooth headset,single,,DUMMY,DUMMY,76981, Walking Customer ,CO0001,50520,2022-0012,2022-03-02 15:34:28,1.0,Pc(s),1750.0,1750.0
148,233,Bunny store,Colombo Fresh Stuffed Chilli (Fish) 454G,single,,DUMMY,DUMMY,60803, Walking Customer ,CO0001,50521,2022-0013,2022-03-02 15:35:02,8.0,Pc(s),9.5,9.5
149,233,Bunny store,Bluetooth headset,single,,DUMMY,DUMMY,76981, Walking Customer ,CO0001,50522,2022-0014,2022-03-02 15:35:27,3.0,Pc(s),1750.0,1750.0
150,233,Bunny store,LED Bulb 60W,single,,DUMMY,DUMMY,77014, Walking Customer ,CO0001,50523,2022-0015,2022-03-02 15:35:49,4.0,Pc(s),250.0,250.0
151,233,Bunny store,Bluetooth headset,single,,DUMMY,DUMMY,76981, Walking Customer ,CO0001,50524,2022-0016,2022-03-02 15:37:09,3.0,Pc(s),1700.0,1750.0
152,233,Bunny store,Bluetooth headset,single,,DUMMY,DUMMY,76981, Walking Customer ,CO0001,50525,2022-0017,2022-03-02 15:39:25,1.0,Pc(s),1750.0,1750.0
153,233,Bunny store,Bluetooth headset,single,,DUMMY,DUMMY,76981, Walking Customer ,CO0001,50526,2022-0018,2022-03-02 15:50:12,1.0,Pc(s),1750.0,1750.0
154,233,Bunny store,Bluetooth headset,single,,DUMMY,DUMMY,76981, Walking Customer ,CO0001,50527,2022-0019,2022-03-02 15:52:26,1.0,Pc(s),1750.0,1750.0
155,233,Bunny store,Bluetooth headset,single,,DUMMY,DUMMY,76981,miss Sathsarani  ,cus01,50571,2022-0055,2022-03-04 08:26:45,3.0,Pc(s),1750.0,1750.0
156,233,Bunny store,LED Bulb 60W,single,,DUMMY,DUMMY,77014,mr gimpawan  ,cus02,50572,2022-0056,2022-03-04 08:27:19,7.0,Pc(s),250.0,250.0
157,233,Bunny store,Bluetooth headset,single,,DUMMY,DUMMY,76981,Miss Neha  ,9999,50573,2022-0057,2022-03-04 08:27:38,2.0,Pc(s),1750.0,1750.0
158,233,Bunny store,LED Bulb 60W,single,,DUMMY,DUMMY,77014,Mr Gota  ,283545,50574,2022-0058,2022-03-04 08:28:05,2.0,Pc(s),250.0,250.0
159,233,Bunny store,Eraser,single,,DUMMY,DUMMY,76987,Mr Gota  ,283545,50574,2022-0058,2022-03-04 08:28:05,2.0,Pc(s),25.0,25.0
160,233,Bunny store,Detol Soap Bar,single,,DUMMY,DUMMY,77016,Mr Gota  ,283545,50574,2022-0058,2022-03-04 08:28:05,2.0,Pc(s),60.0,60.0
161,233,Bunny store,CR Single Ruled book,single,,DUMMY,DUMMY,76984,Mr Gota  ,283545,50574,2022-0058,2022-03-04 08:28:05,2.0,Pc(s),140.0,140.0
162,233,Bunny store,Bluetooth headset,single,,DUMMY,DUMMY,76981,Mr Rox  ,3434,50575,2022-0059,2022-03-04 08:45:09,2.0,Pc(s),1750.0,1750.0
163,233,Bunny store,Bluetooth headset,single,,DUMMY,DUMMY,76981,Mr Gota  ,283545,50576,2022-0060,2022-03-04 08:47:28,1.0,Pc(s),1750.0,1750.0
164,233,Bunny store,LED Bulb 60W,single,,DUMMY,DUMMY,77014,Mr Gota  ,283545,50576,2022-0060,2022-03-04 08:47:28,1.0,Pc(s),250.0,250.0
165,233,Bunny store,Eraser,single,,DUMMY,DUMMY,76987,Mr Gota  ,283545,50576,2022-0060,2022-03-04 08:47:28,2.0,Pc(s),25.0,25.0
166,233,Bunny store,Bluetooth headset,single,,DUMMY,DUMMY,76981,mr gimpawan  ,cus02,50577,2022-0061,2022-03-04 08:49:34,2.0,Pc(s),1750.0,1750.0
167,233,Bunny store,Bluetooth headset,single,,DUMMY,DUMMY,76981, Walking Customer ,CO0001,50578,2022-0062,2022-03-04 09:05:21,0.0,Pc(s),1750.0,1750.0
168,233,Bunny store,CR Single Ruled book,single,,DUMMY,DUMMY,76984, Walking Customer ,CO0001,50579,2022-0063,2022-03-04 09:05:32,4.0,Pc(s),140.0,140.0
169,233,Bunny store,Bluetooth headset,single,,DUMMY,DUMMY,76981, Walking Customer ,CO0001,50584,2022-0064,2022-03-04 10:48:25,0.0,Pc(s),1750.0,1750.0
170,233,Bunny store,Bluetooth headset,single,,DUMMY,DUMMY,76981, Walking Customer ,CO0001,50604,2022-0073,2022-03-04 12:40:29,2.0,Pc(s),1750.0,1750.0
171,233,Bunny store,LED Bulb 60W,single,,DUMMY,DUMMY,77014, Walking Customer ,CO0001,50605,2022-0074,2022-03-04 12:40:42,3.0,Pc(s),250.0,250.0
172,233,Bunny store,Bluetooth headset,single,,DUMMY,DUMMY,76981, Walking Customer ,CO0001,50606,2022-0075,2022-03-04 12:40:57,1.0,Pc(s),1750.0,1750.0
173,233,Bunny store,Bluetooth headset,single,,DUMMY,DUMMY,76981, Walking Customer ,CO0001,50620,2022-0080,2022-03-04 14:09:44,1.0,Pc(s),1750.0,1750.0
174,233,Bunny store,Bluetooth headset,single,,DUMMY,DUMMY,76981,miss Sathsarani  ,cus01,50626,2022-0084,2022-03-06 20:40:40,3.0,Pc(s),1750.0,1750.0
175,233,Bunny store,Colombo Fresh Stuffed Chilli (Fish) 454G,single,,DUMMY,DUMMY,60803,mr gimpawan  ,cus02,50627,2022-0085,2022-03-06 20:40:58,12.0,Pc(s),9.5,9.5
176,233,Bunny store,LED Bulb 60W,single,,DUMMY,DUMMY,77014,mr gimpawan  ,cus02,50628,2022-0086,2022-03-06 20:41:10,5.0,Pc(s),250.0,250.0
177,233,Bunny store,LED Bulb 60W,single,,DUMMY,DUMMY,77014,Miss Neha  ,9999,50629,2022-0087,2022-03-06 20:41:40,1.0,Pc(s),250.0,250.0
178,233,Bunny store,CR Single Ruled book,single,,DUMMY,DUMMY,76984,Miss Neha  ,9999,50629,2022-0087,2022-03-06 20:41:40,6.0,Pc(s),140.0,140.0
179,233,Bunny store,Bluetooth headset,single,,DUMMY,DUMMY,76981, Walking Customer ,CO0001,50641,2022-0095,2022-03-07 12:24:13,1.0,Pc(s),1750.0,1750.0
180,233,Bunny store,Bluetooth headset,single,,DUMMY,DUMMY,76981, Walking Customer ,CO0001,50642,2022-0096,2022-03-07 12:24:28,1.0,Pc(s),1750.0,1750.0
181,233,Bunny store,Bluetooth headset,single,,DUMMY,DUMMY,76981, Walking Customer ,CO0001,50643,2022-0097,2022-03-07 12:24:42,1.0,Pc(s),1750.0,1750.0
182,233,Bunny store,Bluetooth headset,single,,DUMMY,DUMMY,76981, Walking Customer ,CO0001,50650,2022-0102,2022-03-07 13:50:56,1.0,Pc(s),1750.0,1750.0
183,233,Bunny store,Bluetooth headset,single,,DUMMY,DUMMY,76981,Mr Sahan Nuwan ,1112,50651,2022-0103,2022-03-07 13:51:11,2.0,Pc(s),1750.0,1750.0
184,233,Bunny store,12,single,,DUMMY,DUMMY,1212, Walking Customer ,CO0001,50858,2022-0163,2022-03-23 14:21:11,1.0,Pc(s),15.0,15.0
185,233,Bunny store,2.03,single,,DUMMY,DUMMY,77023, Walking Customer ,CO0001,50858,2022-0163,2022-03-23 14:21:11,2.0,Pc(s),2.26,2.05
186,233,Bunny store,2.03,single,,DUMMY,DUMMY,77023, Walking Customer ,CO0001,50920,2022-0157,2022-03-24 15:46:31,1.0,Pc(s),2.26,2.05
187,233,Bunny store,Bluetooth headset,single,,DUMMY,DUMMY,76981, Walking Customer ,CO0001,50920,2022-0157,2022-03-24 15:46:31,1.0,Pc(s),1750.0,1750.0
188,233,Bunny store,2.03,single,,DUMMY,DUMMY,77023, Walking Customer ,CO0001,50921,2022-0158,2022-03-24 15:59:49,1.0,Pc(s),2.26,2.05
189,233,Bunny store,Bluetooth headset,single,,DUMMY,DUMMY,76981, Walking Customer ,CO0001,50921,2022-0158,2022-03-24 15:59:49,1.0,Pc(s),1750.0,1750.0
190,233,Bunny store,Test brand,single,,DUMMY,DUMMY,77115, Walking Customer ,CO0001,50925,2022-0160,2022-03-29 11:41:49,1.0,Pc(s),425.0,425.0
191,233,Bunny store,Test brand,single,,DUMMY,DUMMY,77115, Walking Customer ,CO0001,50928,2022-0727,2022-03-29 11:44:00,1.0,Pc(s),425.0,425.0
192,233,Bunny store,Test brand 2,single,,DUMMY,DUMMY,77117, Walking Customer ,CO0001,50929,2022-0161,2022-03-29 11:51:00,3.0,Pc(s),312.5,312.5
193,233,Bunny store,Test brand 2,single,,DUMMY,DUMMY,77117,miss Sathsarani  ,cus01,50930,2022-0162,2022-03-29 11:51:16,1.0,Pc(s),312.5,312.5
194,233,Bunny store,2.03,single,,DUMMY,DUMMY,77023, Walking Customer ,CO0001,50932,2022-0164,2022-03-29 12:10:42,1.0,Pc(s),2.26,2.05
195,233,Bunny store,Bluetooth headset,single,,DUMMY,DUMMY,76981, Walking Customer ,CO0001,50932,2022-0164,2022-03-29 12:10:42,1.0,Pc(s),1750.0,1750.0
196,233,Bunny store,Colombo Fresh Stuffed Chilli (Fish) 454G,single,,DUMMY,DUMMY,60803, Walking Customer ,CO0001,50932,2022-0164,2022-03-29 12:10:42,1.0,Pc(s),9.5,9.5
197,233,Bunny store,2.03,single,,DUMMY,DUMMY,77023,Mr Sunil  ,10385,50942,2022-0166,2022-03-30 13:08:25,1.0,Pc(s),2.26,2.05
198,233,Bunny store,Bluetooth headset,single,,DUMMY,DUMMY,76981,Mr Sunil  ,10385,50942,2022-0166,2022-03-30 13:08:25,1.0,Pc(s),1750.0,1750.0
199,233,Bunny store,Kingston USB,variable,,Memory Capacity,8 GB,77121-1, Walking Customer ,CO0001,50945,2022-0167,2022-03-30 14:25:22,1.0,Pc(s),1000.0,1000.0
200,233,Bunny store,Kingston USB,variable,,Memory Capacity,16 GB,77121-2, Walking Customer ,CO0001,50946,2022-0168,2022-03-30 14:26:23,1.0,Pc(s),1500.0,1500.0
201,233,Bunny store,Kingston USB,variable,,Memory Capacity,8 GB,77121-1, Walking Customer ,CO0001,50947,2022-0169,2022-03-30 14:28:00,1.0,Pc(s),1000.0,1000.0
202,233,Bunny store,Siddalepa Barm,single,,DUMMY,DUMMY,77162, Walking Customer ,CO0001,51357,2022-0306,2022-04-22 11:46:43,2.0,Pc(s),70.0,70.0
203,233,Bunny store,Adidas Shock,single,,DUMMY,DUMMY,77151, Walking Customer ,CO0001,51477,2022-0374,2022-04-28 09:16:13,1.0,prs,1000.0,1000.0
204,233,Bunny store,Astra 50g,single,,DUMMY,DUMMY,77172, Walking Customer ,CO0001,51477,2022-0374,2022-04-28 09:16:13,1.0,Pc(s),95.0,95.0
205,233,Bunny store,Baby Soap (Panda),single,,DUMMY,DUMMY,77154,Mr Sekar  ,CO0061,51478,2022-0375,2022-04-28 09:16:35,1.0,Pc(s),75.0,75.0
206,233,Bunny store,Big Razer (3blade),single,,DUMMY,DUMMY,77159,Mr Sekar  ,CO0061,51478,2022-0375,2022-04-28 09:16:35,1.0,Pc(s),75.0,75.0
207,233,Bunny store,Bluetooth headset,single,,DUMMY,DUMMY,76981,Mr Sekar  ,CO0061,51479,2022-0376,2022-04-28 09:16:47,2.0,Pc(s),1800.0,1800.0
208,233,Bunny store,Adidas Shock,single,,DUMMY,DUMMY,77151,Miss Regi  ,CO0065,51499,2022-0391,2022-04-28 21:09:00,1.0,prs,1000.0,1000.0
209,233,Bunny store,Astra 50g,single,,DUMMY,DUMMY,77172,Miss Regi  ,CO0065,51499,2022-0391,2022-04-28 21:09:00,1.0,Pc(s),95.0,95.0
210,233,Bunny store,Baby Soap (Panda),single,,DUMMY,DUMMY,77154,Miss Regi  ,CO0065,51499,2022-0391,2022-04-28 21:09:00,1.0,Pc(s),75.0,75.0
211,233,Bunny store,Adidas Shock,single,,DUMMY,DUMMY,77151, Walking Customer ,CO0001,51571,2022-0433,2022-05-05 10:14:39,1.0,prs,1000.0,1000.0
212,233,Bunny store,Adidas Shock,single,,DUMMY,DUMMY,77151, Walking Customer ,CO0001,51642,2022-0472,2022-05-06 09:19:35,1.0,prs,1000.0,1000.0
213,233,Bunny store,Adidas Shock,single,,DUMMY,DUMMY,77151, Walking Customer ,CO0001,51654,2022-0481,2022-05-06 09:45:27,1.0,prs,1000.0,1000.0
214,233,Bunny store,Router 101,single,,DUMMY,DUMMY,77004, Walking Customer ,CO0001,51654,2022-0481,2022-05-06 09:45:27,1.0,Pc(s),1300.0,1300.0
215,233,Bunny store,2.03,single,,DUMMY,DUMMY,77023, Walking Customer ,CO0001,51654,2022-0481,2022-05-06 09:45:27,15.0,Pc(s),2.26,2.05
216,233,Bunny store,Adidas Shock,single,,DUMMY,DUMMY,77151, Walking Customer ,CO0001,51655,2022-0482,2022-05-06 09:49:53,1.0,prs,1000.0,1000.0
217,233,Bunny store,Adidas Shock,single,,DUMMY,DUMMY,77151, Walking Customer ,CO0001,51712,2022-0521,2022-05-06 13:23:25,2.0,prs,1000.0,1000.0
218,233,Bunny store,Astra 50g,single,,DUMMY,DUMMY,77172, Walking Customer ,CO0001,51712,2022-0521,2022-05-06 13:23:25,2.0,Pc(s),95.0,95.0
219,233,Bunny store,Baby Soap (Panda),single,,DUMMY,DUMMY,77154, Walking Customer ,CO0001,51712,2022-0521,2022-05-06 13:23:25,2.0,Pc(s),75.0,75.0
220,233,Bunny store,2.03,single,,DUMMY,DUMMY,77023, Walking Customer ,CO0001,51724,2022-0530,2022-05-06 15:17:31,1.0,Pc(s),2.26,2.05
221,233,Bunny store,2.03,single,,DUMMY,DUMMY,77023, Walking Customer ,CO0001,51725,2022-0531,2022-05-06 15:18:15,1.0,Pc(s),2.26,2.05
222,233,Bunny store,2.03,single,,DUMMY,DUMMY,77023, Walking Customer ,CO0001,51729,2022-0534,2022-05-06 16:53:43,1.0,Pc(s),2.26,2.05
223,233,Bunny store,2.03,single,,DUMMY,DUMMY,77023, Walking Customer ,CO0001,51730,2022-0535,2022-05-06 16:53:53,1.0,Pc(s),2.26,2.05
224,233,Bunny store,2.03,single,,DUMMY,DUMMY,77023, Walking Customer ,CO0001,51764,2022-0562,2022-05-09 10:44:21,1.0,Pc(s),2.26,2.05
225,233,Bunny store,2.03,single,,DUMMY,DUMMY,77023, Walking Customer ,CO0001,51766,2022-0564,2022-05-09 10:45:43,0.0,Pc(s),2.26,2.05
226,233,Bunny store,2.03,single,,DUMMY,DUMMY,77023, Walking Customer ,CO0001,51819,2022-0596,2022-05-12 10:13:15,1.0,Pc(s),2.26,2.05
227,233,Bunny store,2.03,single,,DUMMY,DUMMY,77023, Walking Customer ,CO0001,51820,2022-0597,2022-05-12 10:15:41,0.0,Pc(s),2.26,2.05
228,233,Bunny store,1 product,single,111222,DUMMY,DUMMY,77236, Walking Customer ,CO0001,52621,2022-0760,2022-07-29 10:45:00,1.0,Pc(s),800.0,800.0
229,233,Bunny store,1 product,single,111222,DUMMY,DUMMY,77236, Walking Customer ,CO0001,52622,2022-0761,2022-07-29 10:46:00,1.0,Pc(s),800.0,800.0
230,233,Bunny store,1 product,single,111222,DUMMY,DUMMY,77236, Walking Customer ,CO0001,52627,2022-0763,2022-07-29 10:55:00,1.0,Pc(s),800.0,800.0
231,233,Bunny store,P-nuts,single,,DUMMY,DUMMY,77345, Walking Customer ,CO0001,52771,2022-0767,2022-08-30 14:46:00,2.0,Pc(s),75.0,75.0
232,233,Bunny store,Nokia 3600,single,,DUMMY,DUMMY,77225, Walking Customer ,CO0001,52994,2022-0772,2022-09-21 13:09:00,1.0,Pc(s),25000.0,25000.0
233,233,Bunny store,1 product,single,111222,DUMMY,DUMMY,77236, Walking Customer ,CO0001,54852,KOT0021,2022-12-19 12:36:00,0.0,Pc(s),1000.0,1000.0
234,233,Bunny store,1 product,single,111222,DUMMY,DUMMY,77236, Walking Customer ,CO0001,55153,KOT0037,2023-01-02 13:34:00,1.0,Pc(s),1000.0,1000.0
235,233,Bunny store,Adventure Design on Light Blue,variable,Clothing,Size,L,23215-1, Walking Customer ,CO0001,55154,KOT0038,2023-01-02 13:34:00,1.0,Pc(s),1500.0,1500.0
236,233,Bunny store,1 product,single,111222,DUMMY,DUMMY,77236, Walking Customer ,CO0001,55216,KOT0039,2023-01-04 15:17:00,1.0,Pc(s),1000.0,1000.0
237,233,Bunny store,1 product,single,111222,DUMMY,DUMMY,77236, Walking Customer ,CO0001,55305,KOT0040,2023-01-09 13:23:00,1.0,Pc(s),1000.0,1000.0
238,233,Bunny store,Adventure Design on Light Blue,variable,Clothing,Size,L,23215-1, Walking Customer ,CO0001,55455,KOT0041,2023-01-11 17:07:00,1.0,Pc(s),1500.0,1500.0
239,233,Bunny store,Adventure Design on Light Blue,variable,Clothing,Size,L,23215-1, Walking Customer ,CO0001,55456,KOT0042,2023-01-11 17:07:00,1.0,Pc(s),1500.0,1500.0
240,233,Bunny store,Adventure Design on Light Blue,variable,Clothing,Size,L,23215-1, Walking Customer ,CO0001,55457,KOT0043,2023-01-11 17:08:00,1.0,Pc(s),1500.0,1500.0
241,233,Bunny store,Aztec on Maroon,variable,Clothing,Size,S,20931-3, Walking Customer ,CO0001,55657,KOT0044,2023-01-20 15:14:00,1.0,Pc(s),3500.0,3500.0
242,233,Bunny store,Aztec on Maroon,variable,Clothing,Size,S,20931-3, Walking Customer ,CO0001,55658,KOT0045,2023-01-20 15:14:00,1.0,Pc(s),3500.0,3500.0
243,233,Bunny store,2.03,single,,DUMMY,DUMMY,77023, Walking Customer ,CO0001,55696,KOT0046,2023-01-24 14:11:00,1.0,Pc(s),2.26,2.05
244,233,Bunny store,Yoyo Chocolte flavored 50g,single,,DUMMY,DUMMY,4791034070508, Walking Customer ,CO0001,55911,KOT0047,2023-02-23 16:07:00,1.0,nmbr,1000.0,1000.0
245,233,Bunny store,Test,single,,DUMMY,DUMMY,78086, Walking Customer ,CO0001,55983,KOT0048,2023-05-21 15:21:00,1.0,Pc(s),2000.0,2000.0
246,233,Bunny store,2.03,single,,DUMMY,DUMMY,77023, Walking Customer ,CO0001,55984,KOT0049,2023-05-21 15:21:00,1.0,Pc(s),80000.0,72727.27
247,233,Bunny store,Test,single,,DUMMY,DUMMY,78086, Walking Customer ,CO0001,55985,KOT0050,2023-05-21 15:21:00,1.0,Pc(s),2000.0,2000.0
248,233,Bunny store,2.03,single,,DUMMY,DUMMY,77023, Walking Customer ,CO0001,55986,KOT0051,2023-05-21 15:21:00,0.0,Pc(s),1100.0,1000.0
249,233,Bunny store,2.03,single,,DUMMY,DUMMY,77023, Walking Customer ,CO0001,55987,KOT0052,2023-05-21 15:34:00,1.0,Pc(s),2200.0,2000.0
250,233,Bunny store,Test,single,,DUMMY,DUMMY,78086, Walking Customer ,CO0001,55989,KOT0053,2023-05-21 15:45:00,1.0,Pc(s),2000.0,2000.0
251,233,Bunny store,Test,single,,DUMMY,DUMMY,78086, Walking Customer ,CO0001,55990,KOT0054,2023-05-21 15:45:00,1.0,Pc(s),2000.0,2000.0
252,233,Bunny store,Bluetooth headset,single,,DUMMY,DUMMY,76981, Walking Customer ,CO0001,56051,KOT0055,2023-06-08 11:35:00,3.0,Pc(s),1800.0,1800.0
253,233,Bunny store,Pink Flamingo Design on Light Blue,variable,Clothing,Size,S,24132-3, Walking Customer ,CO0001,56143,KOT0056,2023-07-13 11:04:00,1.0,Pc(s),4290.0,4290.0
254,233,Bunny store,White Mandala Design on Black,variable,Clothing,Size,S,19119-3, Walking Customer ,CO0001,56143,KOT0056,2023-07-13 11:04:00,1.0,Pc(s),3500.0,3500.0
255,233,Bunny store,Eraser,single,,DUMMY,DUMMY,76987, Walking Customer ,CO0001,56143,KOT0056,2023-07-13 11:04:00,1.0,Pc(s),25.0,25.0
256,233,Bunny store,Adidas Shock,single,,DUMMY,DUMMY,77151, Walking Customer ,CO0001,56143,KOT0056,2023-07-13 11:04:00,1.0,prs,1000.0,1000.0
257,233,Bunny store,Surfer Santa on the Beach,variable,Clothing,Size,L,C043-1, Walking Customer ,CO0001,56144,KOT0057,2023-07-13 11:04:00,1.0,Pc(s),4300.0,3989.09
258,233,Bunny store,Surfer Santa on the Beach,variable,Clothing,Size,m,C043-2, Walking Customer ,CO0001,56145,KOT0058,2023-07-13 11:34:00,1.0,Pc(s),4380.0,4380.0
259,233,Bunny store,Kingston USB,variable,,Memory Capacity,64 GB,77121-4, Walking Customer ,CO0001,61684,KOT0059,2023-08-10 11:56:00,2.0,Pc(s),2700.0,3000.0
260,233,Bunny store,White Crooked Spots on Black,variable,Clothing,Size,XL,24121-4, Walking Customer ,CO0001,61684,KOT0059,2023-08-10 11:56:00,1.0,Pc(s),3790.0,3790.0
261,233,Bunny store,Bulk lot,single,,DUMMY,DUMMY,77992, Walking Customer ,CO0001,61684,KOT0059,2023-08-10 11:56:00,1.0,Pc(s),2500.0,2500.0
262,233,Bunny store,Devilled Chicken Pizza (Medium),single,,DUMMY,DUMMY,77039, Walking Customer ,CO0001,61685,KOT0060,2023-08-10 13:23:00,1.0,Pc(s),1000.0,1000.0
263,233,Bunny store,Colombo Fresh Stuffed Chilli (Fish) 454G,single,,DUMMY,DUMMY,60803, Walking Customer ,CO0001,61686,KOT0061,2023-08-10 13:38:00,2.0,Pc(s),200.0,200.0
264,233,Bunny store,Tandoori Chicken,single,,DUMMY,DUMMY,77041, Walking Customer ,CO0001,61686,KOT0061,2023-08-10 13:38:00,1.0,Pc(s),875.0,875.0
265,233,Bunny store,Devilled Chicken Pizza (Medium),single,,DUMMY,DUMMY,77039, Walking Customer ,CO0001,61686,KOT0061,2023-08-10 13:38:00,1.0,Pc(s),1000.0,1000.0
266,233,Bunny store,Colombo Fresh Stuffed Chilli (Fish) 454G,single,,DUMMY,DUMMY,60803, Walking Customer ,CO0001,61687,KOT0062,2023-08-10 18:47:00,1.0,Pc(s),9.5,9.5
267,233,Bunny store,Tandoori Chicken,single,,DUMMY,DUMMY,77041, Walking Customer ,CO0001,61688,KOT0063,2023-08-10 18:55:00,1.0,Pc(s),875.0,875.0
268,233,Bunny store,Devilled Chicken Pizza (Medium),single,,DUMMY,DUMMY,77039, Walking Customer ,CO0001,61689,KOT0064,2023-08-10 19:00:00,1.0,Pc(s),1000.0,1000.0
269,233,Bunny store,2.03,single,,DUMMY,DUMMY,77023, Walking Customer ,CO0001,61692,KOT0065,2023-09-04 23:37:00,1.0,Pc(s),2.26,2.05
270,233,Bunny store,imei-1234,single,,DUMMY,DUMMY,345612, Walking Customer ,CO0001,61705,KOT0066,2023-10-06 12:57:00,1.0,Pc(s),4375.0,4375.0
271,233,Bunny store,2.03,single,,DUMMY,DUMMY,77023, Walking Customer ,CO0001,61707,KOT0067,2023-10-09 15:08:00,1.0,Pc(s),2.26,2.05
272,233,Bunny store,Kingston USB,variable,,Memory Capacity,32 GB,77121-3, Walking Customer ,CO0001,61708,KOT0068,2023-10-09 15:08:00,1.0,Pc(s),1875.0,1875.0
273,233,Bunny store,ex_check_product,single,,DUMMY,DUMMY,ex_check_product, Walking Customer ,CO0001,61730,KOT0069,2023-10-10 16:56:00,3.0,Pc(s),2500.0,2500.0
274,233,Bunny store,2.03,single,,DUMMY,DUMMY,77023, Walking Customer ,CO0001,61743,KOT0070,2023-10-11 10:32:00,1.0,Pc(s),2.26,2.05
275,233,Bunny store,2.03,single,,DUMMY,DUMMY,77023, Walking Customer ,CO0001,61744,KOT0071,2023-10-11 13:31:00,1.0,Pc(s),2.26,2.05
276,233,Bunny store,2.03,single,,DUMMY,DUMMY,77023, Walking Customer ,CO0001,61745,KOT0072,2023-10-11 17:50:00,1.0,Pc(s),2.26,2.05
277,233,Bunny store,2.03,single,,DUMMY,DUMMY,77023, Walking Customer ,CO0001,61747,KOT0073,2023-10-25 12:14:00,1.0,Pc(s),2.26,2.05
278,233,Bunny store,2.03,single,,DUMMY,DUMMY,77023, Walking Customer ,CO0001,61752,KOT0075,2023-10-27 22:35:00,1.0,Pc(s),2.26,2.05
279,233,Bunny store,2.03,single,,DUMMY,DUMMY,77023, Walking Customer ,CO0001,61751,KOT0074,2023-10-27 22:35:00,1.0,Pc(s),2.26,2.05
280,233,Bunny store,dfhdfhdfhy,single,,DUMMY,DUMMY,83702, Walking Customer ,CO0001,61790,KOT0076,2023-10-28 12:42:00,1.0,Pc(s),346346.0,346346.0
281,233,Bunny store,Gift Card Period 6,single,,DUMMY,DUMMY,83703, Walking Customer ,CO0001,61792,KOT0077,2023-10-28 18:56:00,1.0,Pc(s),10000.0,10000.0
282,233,Bunny store,2.03,single,,DUMMY,DUMMY,77023, Walking Customer ,CO0001,61793,KOT0078,2023-10-28 18:56:00,12.0,Pc(s),2.26,2.05
283,233,Bunny store,GCTP123,single,,DUMMY,DUMMY,83704, Walking Customer ,CO0001,61810,KOT0079,2023-10-29 13:01:00,1.0,Pc(s),1000.0,1000.0
284,233,Bunny store,GCTP123,single,,DUMMY,DUMMY,83704, Walking Customer ,CO0001,61825,KOT0080,2023-10-29 13:01:00,0.0,Pc(s),1000.0,1000.0
285,233,Bunny store,GCTP123,single,,DUMMY,DUMMY,83704, Walking Customer ,CO0001,61825,KOT0080,2023-10-29 13:01:00,1.0,Pc(s),1000.0,1000.0
286,233,Bunny store,GCTP123,single,,DUMMY,DUMMY,83704, Walking Customer ,CO0001,61837,KOT0081,2023-10-30 14:53:00,1.0,Pc(s),1000.0,1000.0
287,233,Bunny store,2.03,single,,DUMMY,DUMMY,77023, Walking Customer ,CO0001,61837,KOT0081,2023-10-30 14:53:00,1.0,Pc(s),2.26,2.05
288,233,Bunny store,Gift Card Test 1,single,,DUMMY,DUMMY,83706, Walking Customer ,CO0001,61840,KOT0082,2023-10-30 14:53:00,1.0,Pc(s),1000.0,1000.0
289,233,Bunny store,Gift Card Test 2,single,,DUMMY,DUMMY,83707, Walking Customer ,CO0001,61840,KOT0082,2023-10-30 14:53:00,1.0,Pc(s),2000.0,2000.0
290,233,Bunny store,MGC1,single,,DUMMY,DUMMY,83718, Walking Customer ,CO0001,61855,KOT0083,2023-11-01 12:32:00,1.0,Pc(s),1500.0,1500.0
291,233,Bunny store,MGC2,single,,DUMMY,DUMMY,83719, Walking Customer ,CO0001,61855,KOT0083,2023-11-01 12:32:00,1.0,Pc(s),2000.0,2000.0
292,233,Bunny store,Astra 50g,single,,DUMMY,DUMMY,77172, Walking Customer ,CO0001,61856,2023-0797,2023-11-21 18:23:00,1.0,Pc(s),95.0,95.0
293,233,Bunny store,Astra 50g,single,,DUMMY,DUMMY,77172, Walking Customer ,CO0001,61857,2023-0798,2023-11-21 18:23:00,0.0,Pc(s),95.0,95.0
294,233,Bunny store,Astra 50g,single,,DUMMY,DUMMY,77172, Walking Customer ,CO0001,61858,2023-0799,2023-11-21 18:23:00,1.0,Pc(s),95.0,95.0
295,233,Bunny store,Astra 50g,single,,DUMMY,DUMMY,77172, Walking Customer ,CO0001,61859,2023-0800,2023-11-21 18:23:00,1.0,Pc(s),95.0,95.0
296,233,Bunny store,Astra 50g,single,,DUMMY,DUMMY,77172, Walking Customer ,CO0001,61860,2023-0801,2023-11-21 18:23:00,1.0,Pc(s),95.0,95.0
297,233,Bunny store,Astra 50g,single,,DUMMY,DUMMY,77172, Walking Customer ,CO0001,61861,2023-0802,2023-11-21 18:23:00,1.0,Pc(s),95.0,95.0
298,233,Bunny store,Marble on Dusty Rose,variable,Clothing,Size,XL,C071-1,miss Sathsarani  ,cus01,61878,KOT0084,2024-01-17 12:43:00,1.0,Pc(s),3500.0,3500.0
299,233,Bunny store,Sub product 1- combo bug,single,,DUMMY,DUMMY,73057, Walking Customer ,CO0001,61879,KOT0085,2024-01-17 12:43:00,1.0,Pc(s),125.0,125.0
300,233,Bunny store,Colombo Fresh Stuffed Chilli (Fish) 454G,single,,DUMMY,DUMMY,60803, Walking Customer ,CO0001,61880,KOT0086,2024-01-17 12:43:00,1.0,Pc(s),9.5,9.5
301,233,Bunny store,Smak mixed 200ml,single,,DUMMY,DUMMY,77022,miss Sathsarani  ,cus01,61881,KOT0087,2024-01-17 12:43:00,1.0,Pc(s),2.26,2.05
302,233,Bunny store,nimasha,single,,DUMMY,DUMMY,NIM001,miss Sathsarani  ,cus01,61882,KOT0088,2024-01-17 12:43:00,5.0,Pc(s),12.5,12.5
303,233,Bunny store,Paper Cutter (Small),single,,DUMMY,DUMMY,77155, Walking Customer ,CO0001,61883,KOT0089,2024-01-17 12:58:00,1.0,Pc(s),325.0,325.0
304,233,Bunny store,Kingston USB,variable,,Memory Capacity,16 GB,77121-2,miss nethmi  ,sup002,61885,0002,2024-01-23 11:13:05,399.0,Pc(s),0.0,1500.0
305,233,Bunny store,Kingston USB,variable,,Memory Capacity,32 GB,77121-3,miss nethmi  ,sup002,61885,0002,2024-01-23 11:13:05,399.0,Pc(s),0.0,1875.0
306,233,Bunny store,Maroon Paisley,variable,Clothing,Size,m,C029-2,miss Sathsarani  ,cus01,61886,KOT0090,2024-01-24 13:15:00,1.0,Pc(s),1000.0,1000.0
307,233,Bunny store,Pixel 8 pro,single,,DUMMY,DUMMY,GP8-pro,miss Sathsarani  ,cus01,61887,KOT0091,2024-01-24 13:15:00,1.0,Pc(s),420000.0,420000.0
308,233,Bunny store,Maroon Paisley,variable,Clothing,Size,L,C029-1,miss Sathsarani  ,cus01,61888,KOT0092,2024-01-24 13:15:00,1.0,Pc(s),4480.0,4480.0
